Name,numCars,averageSpeed,
10,71,50.50116995774647,
101,127,49.98093449606302,
105,43,1.1446320151433205,
405,52,1.0286425022189352,
